019a3ea2-724d-76fa-a22d-c463216cd8f7,https://www.newsfilecorp.com/release/272205
019a3ea2-7254-734a-b940-d12b35ab0722,https://www.newsfilecorp.com/release/272465
019a3ea2-7256-712e-a7f2-9abd42ab902e,https://www.newsfilecorp.com/release/269455
019a3ea2-7257-72ef-a2fc-4995e4c948bd,https://www.newsfilecorp.com/release/265116
019a3ea2-725a-72cf-8872-add687a638d3,https://www.newsfilecorp.com/release/262252
019a3ea2-7263-752d-bd65-e446f5fb5fe6,https://www.newsfilecorp.com/release/270713
019a3ea2-7264-73a1-84dd-fbe988043116,https://www.newsfilecorp.com/release/269295
019a3ea2-7266-7071-8c1d-00f8ce4134b1,https://www.newsfilecorp.com/release/265508
019a3ea2-7267-70e1-ac7c-a00f7e502e5d,https://www.newsfilecorp.com/release/262537
019a3ea2-7268-74dc-b8e3-f339e629df34,https://www.newsfilecorp.com/release/256493
019a3ea2-726b-7049-a666-c4ce6b440df7,https://www.newsfilecorp.com/release/255866
019a3ea2-726c-7348-b4fe-a4537f0e074c,https://www.newsfilecorp.com/release/254730
019a3ea2-7274-77ff-80c4-59066d9e06ef,https://www.newsfilecorp.com/release/253570
019a3ea2-7276-72ac-bc95-db2a8363322d,https://www.newsfilecorp.com/release/252077
019a3ea2-7277-70ed-8240-95d9092fa80c,https://www.newsfilecorp.com/release/251286
019a3ea2-7278-7799-99fd-df46c7c7f669,https://www.newsfilecorp.com/release/250995
019a3ea2-727a-71bc-96a3-8bfd0e779a8e,https://www.newsfilecorp.com/release/249680
019a3ea2-727b-74ab-9e06-62c85194e409,https://www.newsfilecorp.com/release/249411
019a3ea2-7283-7618-b4f1-06893b2c7132,https://www.newsfilecorp.com/release/248815
019a3ea2-7285-751d-9884-2a3681921ae4,https://www.newsfilecorp.com/release/246422
019a3ea2-7286-709d-be25-63ebf81f7e27,https://www.newsfilecorp.com/release/244552
019a3ea2-7288-728c-896d-575f90b1d95e,https://www.newsfilecorp.com/release/243653
019a3ea2-7289-7783-9829-af2b1881f4ab,https://www.newsfilecorp.com/release/243281
019a3ea2-728a-7679-87bf-05ec0e6536cb,https://www.newsfilecorp.com/release/242603
